Date;Close
2008-01-14;14.30602741241455
2008-01-15;13.709941864013672
2008-01-16;13.49468994140625
2008-01-17;13.22976303100586
2008-01-18;12.931720733642578
2008-01-21;12.617120742797852
2008-01-22;12.617120742797852
2008-01-23;12.517772674560547
2008-01-24;13.534428596496582
2008-01-28;13.464884757995605
2008-01-29;13.610594749450684
2008-01-30;13.52780532836914
2008-01-31;13.090677261352539
2008-02-01;12.733025550842285
2008-02-06;12.189927101135254
2008-02-07;12.150188446044922
2008-02-08;12.070710182189941
2008-02-11;12.358818054199219
2008-02-12;13.117169380187988
2008-02-13;13.789420127868652
2008-02-14;13.27281379699707
2008-02-15;13.478132247924805
2008-02-18;13.89207935333252
2008-02-19;13.514558792114258
2008-02-20;13.842406272888184
2008-02-21;13.743058204650879
2008-02-22;14.06759262084961
2008-02-25;14.173563957214355
2008-02-26;14.574264526367188
2008-02-27;14.779582977294922
2008-02-28;14.710040092468262
2008-02-29;14.107332229614258
2008-03-03;14.352389335632324
2008-03-04;14.044411659240723
2008-03-05;14.604068756103516
2008-03-06;14.176875114440918
2008-03-07;13.77617359161377
2008-03-10;13.630463600158691
2008-03-11;14.206679344177246
2008-03-12;13.71325397491455
2008-03-13;13.974868774414062
2008-03-14;13.842406272888184
2008-03-17;13.842406272888184
2008-03-18;13.577479362487793
2008-03-19;13.047625541687012
2008-03-20;13.196646690368652
2008-03-24;12.94827938079834
2008-03-25;13.577479362487793
2008-03-26;13.438392639160156
2008-03-27;13.080741882324219
2008-03-28;12.964837074279785
2008-03-31;13.249632835388184
2008-04-01;13.660268783569336
2008-04-02;13.683449745178223
2008-04-03;13.743058204650879
2008-04-04;13.660268783569336
2008-04-07;13.825847625732422
2008-04-08;14.00798511505127
2008-04-09;13.676827430725098
2008-04-10;13.613905906677246
2008-04-11;13.428458213806152
2008-04-14;13.183401107788086
2008-04-15;13.246320724487305
2008-04-16;13.908637046813965
2008-04-17;14.405373573303223
2008-04-18;14.66698932647705
2008-04-22;14.504721641540527
2008-04-23;14.289468765258789
2008-04-24;14.30602741241455
2008-04-25;14.537837028503418
2008-04-28;14.77295970916748
2008-04-29;14.488163948059082
2008-04-30;15.706825256347656
2008-05-02;16.259859085083008
2008-05-05;16.475112915039062
2008-05-06;15.766433715820312
2008-05-07;15.448521614074707
2008-05-08;15.647216796875
2008-05-09;15.531311988830566
2008-05-12;15.633971214294434
2008-05-13;15.332616806030273
2008-05-14;15.200153350830078
2008-05-15;15.547868728637695
2008-05-16;15.557804107666016
2008-05-19;15.882338523864746
2008-05-20;15.630659103393555
2008-05-21;15.233268737792969
2008-05-23;15.183595657348633
2008-05-26;15.200153350830078
2008-05-27;15.630659103393555
2008-05-28;16.17707061767578
2008-05-29;16.06116485595703
2008-05-30;16.710233688354492
2008-06-02;15.978375434875488
2008-06-03;15.523033142089844
2008-06-04;15.411267280578613
2008-06-05;15.936980247497559
2008-06-06;15.560288429260254
2008-06-09;15.2084321975708
2008-06-10;14.695137023925781
2008-06-11;14.488163948059082
2008-06-12;14.819321632385254
2008-06-13;14.98904037475586
2008-06-16;15.02629566192627
2008-06-17;15.419546127319336
2008-06-18;14.881414413452148
2008-06-19;14.798624038696289
2008-06-20;14.198399543762207
2008-06-23;14.198399543762207
2008-06-24;13.784453392028809
2008-06-25;14.15700626373291
2008-06-26;13.3787841796875
2008-06-27;13.45329475402832
2008-06-30;13.49468994140625
2008-07-01;13.30013370513916
2008-07-02;13.26701831817627
2008-07-03;12.79511833190918
2008-07-04;12.94827938079834
2008-07-07;12.877907752990723
2008-07-08;13.076602935791016
2008-07-10;13.117997169494629
2008-07-11;12.915163040161133
2008-07-14;12.894466400146484
2008-07-15;12.579866409301758
2008-07-16;13.743058204650879
2008-07-17;13.89207935333252
2008-07-18;14.318445205688477
2008-07-21;13.995566368103027
2008-07-22;14.194260597229004
2008-07-23;14.198399543762207
2008-07-24;13.618873596191406
2008-07-25;13.287715911865234
2008-07-28;13.080741882324219
2008-07-29;13.536084175109863
2008-07-30;13.825847625732422
2008-07-31;13.867241859436035
2008-08-01;13.598176002502441
2008-08-04;13.163532257080078
2008-08-05;13.743058204650879
2008-08-06;13.995566368103027
2008-08-07;13.743058204650879
2008-08-08;13.540224075317383
2008-08-11;13.221484184265137
2008-08-12;13.101439476013184
2008-08-13;12.840652465820312
2008-08-14;13.163532257080078
2008-08-15;12.956558227539062
2008-08-18;12.575725555419922
2008-08-19;12.517772674560547
2008-08-20;13.039346694946289
2008-08-21;12.944138526916504
2008-08-22;13.06004524230957
2008-08-25;12.646097183227539
2008-08-26;12.501214981079102
2008-08-27;12.637818336486816
2008-08-28;13.101439476013184
2008-08-29;12.728886604309082
2008-09-01;12.608841896057129
2008-09-02;12.749584197998047
2008-09-03;12.886186599731445
2008-09-04;12.459820747375488
2008-09-05;12.704050064086914
2008-09-08;12.83237361907959
2008-09-09;12.459820747375488
2008-09-10;12.60470199584961
2008-09-11;12.770280838012695
2008-09-12;12.790979385375977
2008-09-15;11.94238567352295
2008-09-16;12.13280200958252
2008-09-17;11.458067893981934
2008-09-18;12.211451530456543
2008-09-19;13.246320724487305
2008-09-22;12.625399589538574
2008-09-23;12.418425559997559
2008-09-24;12.335636138916016
2008-09-25;12.83237361907959
2008-09-26;12.78683853149414
2008-09-29;12.029314994812012
2008-09-30;13.204925537109375
2008-10-01;13.204925537109375
2008-10-02;12.418425559997559
2008-10-03;11.536718368530273
2008-10-06;10.990306854248047
2008-10-07;10.63845157623291
2008-10-08;10.348688125610352
2008-10-09;9.831254005432129
2008-10-10;9.475258827209473
2008-10-13;11.689878463745117
2008-10-14;12.13280200958252
2008-10-15;10.799891471862793
2008-10-16;10.141714096069336
2008-10-17;9.54563045501709
2008-10-20;10.228643417358398
2008-10-21;10.058924674987793
2008-10-22;8.837779998779297
2008-10-23;8.109231948852539
2008-10-24;7.244081974029541
2008-10-27;7.244081974029541
2008-10-28;7.885700225830078
2008-10-29;8.92470932006836
2008-10-30;9.868509292602539
2008-10-31;9.644976615905762
2008-11-03;11.213838577270508
2008-11-04;11.756110191345215
2008-11-05;10.725379943847656
2008-11-06;10.063063621520996
2008-11-07;10.431477546691895
2008-11-10;10.762636184692383
2008-11-11;10.659149169921875
2008-11-12;9.918183326721191
2008-11-13;10.828866958618164
2008-11-14;10.683985710144043
2008-11-17;10.667428016662598
2008-11-18;9.851950645446777
2008-11-19;9.338656425476074
2008-11-21;8.593550682067871
2008-11-24;9.76916217803955
2008-11-25;10.22036361694336
2008-11-26;10.969610214233398
2008-11-27;10.919936180114746
2008-11-28;11.027562141418457
2008-12-01;10.67570686340332
2008-12-02;10.944772720336914
2008-12-03;11.052398681640625
2008-12-04;11.14760684967041
2008-12-05;11.25937271118164
2008-12-08;12.381171226501465
2008-12-09;12.273544311523438
2008-12-10;12.294241905212402
2008-12-11;11.934106826782227
2008-12-12;12.418425559997559
2008-12-15;11.590531349182129
2008-12-16;12.335636138916016
2008-12-17;12.625399589538574
2008-12-18;12.377031326293945
2008-12-19;11.9216890335083
2008-12-22;11.366998672485352
2008-12-23;10.766775131225586
2008-12-26;10.721240997314453
2008-12-29;10.721240997314453
2008-12-30;10.804031372070312
2009-01-02;11.954805374145508
2009-01-05;11.983780860900879
2009-01-06;12.47637939453125
2009-01-07;11.760249137878418
2009-01-08;11.830619812011719
2009-01-09;11.818202018737793
2009-01-12;11.3173246383667
2009-01-13;10.903377532958984
2009-01-14;10.083762168884277
2009-01-15;10.265898704528809
2009-01-16;9.914043426513672
2009-01-19;10.058924674987793
2009-01-20;9.371771812438965
2009-01-21;9.686371803283691
2009-01-22;9.417305946350098
2009-01-23;9.632558822631836
2009-01-26;9.570466995239258
2009-01-27;9.433863639831543
2009-01-28;10.133435249328613
2009-01-29;9.810556411743164
2009-01-30;9.727766990661621
2009-02-02;9.380050659179688
2009-02-03;9.516654014587402
2009-02-04;9.690511703491211
2009-02-05;10.104458808898926
2009-02-06;10.824728012084961
2009-02-09;10.659149169921875
2009-02-10;10.245201110839844
2009-02-11;10.224504470825195
2009-02-12;10.133435249328613
2009-02-13;10.555662155151367
2009-02-16;10.514266967773438
2009-02-17;9.893345832824707
2009-02-18;9.810556411743164
2009-02-19;9.719488143920898
2009-02-20;9.438003540039062
2009-02-25;9.334516525268555
2009-02-26;9.35521411895752
2009-02-27;9.189635276794434
2009-03-02;8.69289779663086
2009-03-03;8.65150260925293
2009-03-04;9.173076629638672
2009-03-05;9.10684585571289
2009-03-06;9.231030464172363
2009-03-09;9.12340259552002
2009-03-10;9.603583335876465
2009-03-11;9.624279975891113
2009-03-12;9.872649192810059
2009-03-13;9.934741020202637
2009-03-16;9.98027515411377
2009-03-17;10.199666976928711
2009-03-18;10.518406867980957
2009-03-19;10.249341011047363
2009-03-20;10.100319862365723
2009-03-23;11.07309627532959
2009-03-24;10.67570686340332
2009-03-25;10.71296215057373
2009-03-26;11.052398681640625
2009-03-27;11.011004447937012
2009-03-30;10.692264556884766
2009-03-31;10.617753982543945
2009-04-01;10.783332824707031
2009-04-02;11.30076789855957
2009-04-03;11.590531349182129
2009-04-06;11.706436157226562
2009-04-07;11.73127269744873
2009-04-08;11.714715003967285
2009-04-09;12.107965469360352
2009-04-13;12.025176048278809
2009-04-14;11.462206840515137
2009-04-15;11.462206840515137
2009-04-16;11.793364524841309
2009-04-17;11.714715003967285
2009-04-20;11.292489051818848
2009-04-22;11.097932815551758
2009-04-23;11.5491361618042
2009-04-24;11.834759712219238
2009-04-27;11.424951553344727
2009-04-28;11.673319816589355
2009-04-29;12.451541900634766
2009-04-30;12.584005355834961
2009-05-04;13.271158218383789
2009-05-05;13.598176002502441
2009-05-06;13.445015907287598
2009-05-07;12.426705360412598
2009-05-08;12.571586608886719
2009-05-11;12.24456787109375
2009-05-12;12.045872688293457
2009-05-13;11.727133750915527
2009-05-14;11.880293846130371
2009-05-15;11.751970291137695
2009-05-18;12.319079399108887
2009-05-19;12.190754890441895
2009-05-20;12.4308443069458
2009-05-21;12.414285659790039
2009-05-22;12.575725555419922
2009-05-25;12.584005355834961
2009-05-26;13.06004524230957
2009-05-27;13.117997169494629
2009-05-28;13.246320724487305
2009-05-29;13.204925537109375
2009-06-01;13.569199562072754
2009-06-02;13.399481773376465
2009-06-03;13.080741882324219
2009-06-04;13.246320724487305
2009-06-05;13.134554862976074
2009-06-08;13.163532257080078
2009-06-09;12.997953414916992
2009-06-10;13.047625541687012
2009-06-12;13.254599571228027
2009-06-15;12.7992582321167
2009-06-16;12.72060775756836
2009-06-17;12.650237083435059
2009-06-18;12.47637939453125
2009-06-19;12.666793823242188
2009-06-22;12.575725555419922
2009-06-23;12.31493854522705
2009-06-24;12.31493854522705
2009-06-25;12.596423149108887
2009-06-26;12.79511833190918
2009-06-29;13.047625541687012
2009-06-30;12.873767852783203
2009-07-01;12.877907752990723
2009-07-02;12.848931312561035
2009-07-03;12.749584197998047
2009-07-06;12.83237361907959
2009-07-07;12.629538536071777
2009-07-08;12.563307762145996
2009-07-09;12.563307762145996
2009-07-10;12.418425559997559
2009-07-13;12.418425559997559
2009-07-14;12.28596305847168
2009-07-15;12.7992582321167
2009-07-16;12.997953414916992
2009-07-17;12.935859680175781
2009-07-20;13.482271194458008
2009-07-21;13.49468994140625
2009-07-22;13.53194522857666
2009-07-23;14.070076942443848
2009-07-24;14.111471176147461
2009-07-27;14.053519248962402
2009-07-28;14.032820701599121
2009-07-29;13.846545219421387
2009-07-30;13.974868774414062
2009-07-31;13.908637046813965
2009-08-03;14.07421588897705
2009-08-04;14.198399543762207
2009-08-05;14.484024047851562
2009-08-06;14.36397933959961
2009-08-07;14.782066345214844
2009-08-10;14.935227394104004
2009-08-11;14.322585105895996
2009-08-12;14.214958190917969
2009-08-13;14.041099548339844
2009-08-14;13.825847625732422
2009-08-17;13.49468994140625
2009-08-18;13.970728874206543
2009-08-19;14.15700626373291
2009-08-20;14.343281745910645
2009-08-21;14.239794731140137
2009-08-24;14.28532886505127
2009-08-25;14.463327407836914
2009-08-26;14.77792739868164
2009-08-27;14.666160583496094
2009-08-28;14.653742790222168
2009-08-31;14.561845779418945
2009-09-01;14.138378143310547
2009-09-02;14.097396850585938
2009-09-03;14.029095649719238
2009-09-04;14.384263038635254
2009-09-08;14.570953369140625
2009-09-09;14.753089904785156
2009-09-10;14.839605331420898
2009-09-11;14.998974800109863
2009-09-14;15.02629566192627
2009-09-15;15.249412536621094
2009-09-16;15.454317092895508
2009-09-17;15.458870887756348
2009-09-18;15.549939155578613
2009-09-21;15.436103820800781
2009-09-22;15.50440502166748
2009-09-23;15.249412536621094
2009-09-24;15.094596862792969
2009-09-25;15.176557540893555
2009-09-28;15.513511657714844
2009-09-29;16.02804946899414
2009-09-30;16.255720138549805
2009-10-01;16.324020385742188
2009-10-02;16.392322540283203
2009-10-05;16.711061477661133
2009-10-06;16.48339080810547
2009-10-07;15.959747314453125
2009-10-08;16.232952117919922
2009-10-09;16.392322540283203
2009-10-13;16.437856674194336
2009-10-14;16.893199920654297
2009-10-15;16.82489776611328
2009-10-16;16.66552734375
2009-10-19;16.85677146911621
2009-10-20;16.5289249420166
2009-10-21;16.392322540283203
2009-10-22;16.711061477661133
2009-10-23;16.55169105529785
2009-10-26;16.5289249420166
2009-10-27;16.100902557373047
2009-10-28;15.02629566192627
2009-10-29;15.996174812316895
2009-10-30;15.25396728515625
2009-11-03;16.055368423461914
2009-11-04;16.574459075927734
2009-11-05;16.711061477661133
2009-11-06;16.638206481933594
2009-11-09;17.007034301757812
2009-11-10;17.22559928894043
2009-11-11;17.23470687866211
2009-11-12;16.733829498291016
2009-11-13;17.293899536132812
2009-11-16;17.41684341430664
2009-11-17;17.521570205688477
2009-11-18;17.303007125854492
2009-11-19;16.88864517211914
2009-11-23;17.252918243408203
2009-11-24;17.3439884185791
2009-11-25;17.66272735595703
2009-11-26;17.084442138671875
2009-11-27;17.189170837402344
2009-11-30;17.28023910522461
2009-12-01;17.9177188873291
2009-12-02;18.122623443603516
2009-12-03;17.9177188873291
2009-12-04;17.89495277404785
2009-12-07;18.236459732055664
2009-12-08;18.145389556884766
2009-12-09;18.140836715698242
2009-12-10;18.231904983520508
2009-12-11;18.21369171142578
2009-12-14;18.113515853881836
2009-12-15;18.263778686523438
2009-12-16;18.03155517578125
2009-12-17;17.539785385131836
2009-12-18;17.521570205688477
2009-12-21;17.371307373046875
2009-12-22;17.389522552490234
2009-12-23;17.243812561035156
2009-12-24;17.243812561035156
2009-12-28;17.25747299194336
2009-12-29;17.25747299194336
2009-12-30;17.6171932220459
2010-01-04;18.268333435058594
2010-01-05;18.386722564697266
2010-01-06;18.227352142333984
2010-01-07;18.04066276550293
2010-01-08;17.7674560546875
2010-01-11;17.612640380859375
2010-01-12;17.44871711730957
2010-01-13;17.503358840942383
2010-01-14;17.262025833129883
2010-01-15;16.97060775756836
2010-01-18;17.12087059020996
2010-01-19;17.075336456298828
2010-01-20;16.62454605102539
2010-01-21;16.319467544555664
2010-01-22;16.50615882873535
2010-01-26;16.547138214111328
2010-01-27;16.310361862182617
2010-01-28;16.797576904296875
2010-01-29;16.45151710510254
2010-02-01;16.761150360107422
2010-02-02;16.98426628112793
2010-02-03;16.911413192749023
2010-02-04;16.260272979736328
2010-02-05;15.845911979675293
2010-02-08;15.800376892089844
2010-02-09;16.50615882873535
2010-02-10;16.597225189208984
2010-02-11;16.88864517211914
2010-02-12;16.884092330932617
2010-02-17;17.24836540222168
2010-02-18;17.303007125854492
2010-02-19;17.029802322387695
2010-02-22;16.67463493347168
2010-02-23;16.396875381469727
2010-02-24;16.214738845825195
2010-02-25;16.210186004638672
2010-02-26;16.619993209838867
2010-03-01;16.647314071655273
2010-03-02;16.915966033935547
2010-03-03;16.915966033935547
2010-03-04;16.893199920654297
2010-03-05;16.98426628112793
2010-03-08;16.975160598754883
2010-03-09;17.18461799621582
2010-03-10;17.25747299194336
2010-03-11;17.303007125854492
2010-03-12;17.02524757385254
2010-03-15;17.125423431396484
2010-03-16;17.23470687866211
2010-03-17;17.075336456298828
2010-03-18;16.938732147216797
2010-03-19;16.870431900024414
2010-03-22;17.12087059020996
2010-03-23;16.979713439941406
2010-03-24;16.619993209838867
2010-03-25;16.820344924926758
2010-03-26;17.12087059020996
2010-03-29;17.37586212158203
2010-03-30;17.55344581604004
2010-03-31;17.75834846496582
2010-04-01;17.84941864013672
2010-04-05;17.963253021240234
2010-04-06;17.73558235168457
2010-04-07;17.57621192932129
2010-04-08;18.2045841217041
2010-04-09;18.259225845336914
2010-04-12;18.008787155151367
2010-04-13;17.954147338867188
2010-04-14;18.0543212890625
2010-04-15;18.027000427246094
2010-04-16;17.462377548217773
2010-04-19;17.262025833129883
2010-04-20;17.41684341430664
2010-04-22;17.25747299194336
2010-04-23;17.28023910522461
2010-04-26;17.05712127685547
2010-04-27;16.487943649291992
2010-04-28;16.906858444213867
2010-04-29;17.211938858032227
2010-04-30;17.166404724121094
2010-05-03;17.211938858032227
2010-05-04;16.756595611572266
2010-05-05;16.701955795288086
2010-05-06;16.501604080200195
2010-05-07;16.456069946289062
2010-05-10;17.16185188293457
2010-05-11;16.925073623657227
2010-05-12;16.893199920654297
2010-05-13;16.64276123046875
2010-05-14;16.36955451965332
2010-05-17;16.34678840637207
2010-05-18;15.932427406311035
2010-05-19;15.117363929748535
2010-05-20;15.103704452514648
2010-05-21;15.25396728515625
2010-05-24;14.9898681640625
2010-05-25;14.621041297912598
2010-05-26;15.112811088562012
2010-05-27;15.386015892028809
2010-05-28;15.386015892028809
2010-05-31;15.800376892089844
2010-06-01;15.481637954711914
2010-06-02;15.918766021728516
2010-06-04;15.595473289489746
2010-06-07;15.121916770935059
2010-06-08;15.395122528076172
2010-06-09;15.25396728515625
2010-06-10;15.663775444030762
2010-06-11;15.89599895477295
2010-06-14;15.641008377075195
2010-06-15;16.023494720458984
2010-06-16;16.073583602905273
2010-06-17;16.000728607177734
2010-06-18;16.073583602905273
2010-06-21;16.141883850097656
2010-06-22;16.073583602905273
2010-06-23;16.150991439819336
2010-06-24;15.641008377075195
2010-06-25;15.754842758178711
2010-06-28;15.713862419128418
2010-06-29;15.067276000976562
2010-06-30;14.798624038696289
2010-07-01;15.477084159851074
2010-07-02;15.622794151306152
2010-07-05;15.24485969543457
2010-07-06;15.60913372039795
2010-07-07;16.524372100830078
2010-07-08;16.893199920654297
2010-07-12;16.952392578125
2010-07-13;17.007034301757812
2010-07-14;16.884092330932617
2010-07-15;16.847665786743164
2010-07-16;16.424196243286133
2010-07-19;16.80213165283203
2010-07-20;16.943286895751953
2010-07-21;16.88864517211914
2010-07-22;17.348541259765625
2010-07-23;17.530677795410156
2010-07-26;17.571659088134766
2010-07-27;17.530677795410156
2010-07-28;17.940486907958984
2010-07-29;17.954147338867188
2010-07-30;18.027000427246094
2010-08-02;18.081642150878906
2010-08-03;17.530677795410156
2010-08-04;17.230152130126953
2010-08-05;17.262025833129883
2010-08-06;17.462377548217773
2010-08-09;17.530677795410156
2010-08-10;17.44871711730957
2010-08-11;17.061676025390625
2010-08-12;17.14363670349121
2010-08-13;17.170957565307617
2010-08-16;17.252918243408203
2010-08-17;17.36675453186035
2010-08-18;17.325773239135742
2010-08-19;17.12087059020996
2010-08-20;17.084442138671875
2010-08-23;16.966054916381836
2010-08-24;16.67463493347168
2010-08-25;16.66552734375
2010-08-26;16.25116539001465
2010-08-27;16.938732147216797
2010-08-30;16.733829498291016
2010-08-31;17.221044540405273
2010-09-01;17.444162368774414
2010-09-02;17.25747299194336
2010-09-03;17.23470687866211
2010-09-06;17.075336456298828
2010-09-08;17.052568435668945
2010-09-09;16.97060775756836
2010-09-10;16.934179306030273
2010-09-13;17.530677795410156
2010-09-14;17.781116485595703
2010-09-15;17.885845184326172
2010-09-16;17.712814331054688
2010-09-17;17.621746063232422
2010-09-20;17.75834846496582
2010-09-21;17.4805908203125
2010-09-22;17.598979949951172
2010-09-23;17.73558235168457
2010-09-24;17.598979949951172
2010-09-27;17.621746063232422
2010-09-28;17.781116485595703
2010-09-29;18.104408264160156
2010-09-30;18.427703857421875
2010-10-01;18.577964782714844
2010-10-04;18.600732803344727
2010-10-05;19.065181732177734
2010-10-06;18.896705627441406
2010-10-07;18.93313217163086
2010-10-08;19.34749412536621
2010-10-11;19.201784133911133
2010-10-13;19.424901962280273
2010-10-14;19.28374671936035
2010-10-15;19.474990844726562
2010-10-18;19.57971954345703
2010-10-19;19.18812370300293
2010-10-20;19.374814987182617
2010-10-21;19.128929138183594
2010-10-22;19.301959991455078
2010-10-25;19.352046966552734
2010-10-26;19.3065128326416
2010-10-27;18.914918899536133
2010-10-28;18.7327823638916
2010-10-29;18.896705627441406
2010-11-01;19.25187110900879
2010-11-03;19.192678451538086
2010-11-04;19.702661514282227
2010-11-05;19.80283546447754
2010-11-08;19.8210506439209
2010-11-09;19.288299560546875
2010-11-10;19.511417388916016
2010-11-11;19.12437629699707
2010-11-12;19.12437629699707
2010-11-16;18.737335205078125
2010-11-17;18.714567184448242
2010-11-18;18.90125846862793
2010-11-19;19.09250259399414
2010-11-22;18.79652976989746
2010-11-23;18.300207138061523
2010-11-24;18.459575653076172
2010-11-25;18.427703857421875
2010-11-26;18.259225845336914
2010-11-29;18.03155517578125
2010-11-30;17.87218475341797
2010-12-01;18.218244552612305
2010-12-02;18.281993865966797
2010-12-03;17.99968147277832
2010-12-06;17.835758209228516
2010-12-07;17.89495277404785
2010-12-08;17.72647476196289
2010-12-09;17.4805908203125
2010-12-10;17.4805908203125
2010-12-13;17.530677795410156
2010-12-14;17.60808563232422
2010-12-15;17.507911682128906
2010-12-16;17.36675453186035
2010-12-17;17.530677795410156
2010-12-20;17.148191452026367
2010-12-21;17.54433822631836
2010-12-22;17.954147338867188
2010-12-23;17.908611297607422
2010-12-27;17.598979949951172
2010-12-28;17.589872360229492
2010-12-29;17.98146629333496
2010-12-30;18.118070602416992
2011-01-03;18.067981719970703
2011-01-04;18.21369171142578
2011-01-05;18.486896514892578
2011-01-06;18.049768447875977
2011-01-07;17.60808563232422
2011-01-10;17.749242782592773
2011-01-11;17.858524322509766
2011-01-12;18.327526092529297
2011-01-13;18.241012573242188
2011-01-14;18.036108016967773
2011-01-17;17.781116485595703
2011-01-18;17.55344581604004
2011-01-19;17.362201690673828
2011-01-20;16.938732147216797
2011-01-21;16.943286895751953
2011-01-24;17.06622886657715
2011-01-26;16.82489776611328
2011-01-27;16.893199920654297
2011-01-28;16.524372100830078
2011-01-31;16.205631256103516
2011-02-01;16.437856674194336
2011-02-02;16.283039093017578
2011-02-03;16.114564895629883
2011-02-04;15.668328285217285
2011-02-07;15.82769775390625
2011-02-08;16.301254272460938
2011-02-09;15.918766021728516
2011-02-10;15.82769775390625
2011-02-11;16.44240951538086
2011-02-14;16.565353393554688
2011-02-15;16.85677146911621
2011-02-16;17.23470687866211
2011-02-17;17.39862823486328
2011-02-18;17.32122039794922
2011-02-21;17.052568435668945
2011-02-22;16.679187774658203
2011-02-23;16.761150360107422
2011-02-24;16.606332778930664
2011-02-25;16.533479690551758
2011-02-28;16.847665786743164
2011-03-01;16.48339080810547
2011-03-02;16.542585372924805
2011-03-03;16.947839736938477
2011-03-04;17.00248146057129
2011-03-09;16.487943649291992
2011-03-10;15.855018615722656
2011-03-11;16.246612548828125
2011-03-14;16.324020385742188
2011-03-15;16.519817352294922
2011-03-16;16.128223419189453
2011-03-17;16.041709899902344
2011-03-18;16.383216857910156
2011-03-21;16.38776969909668
2011-03-22;16.925073623657227
2011-03-23;16.74748992919922
2011-03-24;16.79302406311035
2011-03-25;16.80213165283203
2011-03-28;16.7702579498291
2011-03-29;16.65186882019043
2011-03-30;17.125423431396484
2011-03-31;17.712814331054688
2011-04-01;17.685495376586914
2011-04-04;17.530677795410156
2011-04-05;17.539785385131836
2011-04-06;17.4805908203125
2011-04-07;17.507911682128906
2011-04-08;17.14363670349121
2011-04-11;17.016141891479492
2011-04-12;16.92962646484375
2011-04-13;16.938732147216797
2011-04-14;16.774810791015625
2011-04-15;16.838558197021484
2011-04-18;16.70650863647461
2011-04-19;16.966054916381836
2011-04-20;17.25747299194336
2011-04-25;17.198278427124023
2011-04-26;17.380414962768555
2011-04-27;17.14363670349121
2011-04-28;16.679187774658203
2011-04-29;16.893199920654297
2011-05-02;16.64276123046875
2011-05-03;16.073583602905273
2011-05-04;16.096349716186523
2011-05-05;16.278486251831055
2011-05-06;16.66552734375
2011-05-09;16.756595611572266
2011-05-10;17.020694732666016
2011-05-11;16.7702579498291
2011-05-12;16.68374252319336
2011-05-13;16.264827728271484
2011-05-16;16.105457305908203
2011-05-17;16.160097122192383
2011-05-18;15.800376892089844
2011-05-19;15.773056983947754
2011-05-20;15.732075691223145
2011-05-23;15.663775444030762
2011-05-24;15.991621017456055
2011-05-25;15.823144912719727
2011-05-26;16.333127975463867
2011-05-27;16.255720138549805
2011-05-30;16.18741798400879
2011-05-31;16.319467544555664
2011-06-01;16.128223419189453
2011-06-02;16.283039093017578
2011-06-03;16.324020385742188
2011-06-06;15.946086883544922
2011-06-07;16.18741798400879
2011-06-08;16.105457305908203
2011-06-09;15.982514381408691
2011-06-10;15.891446113586426
2011-06-13;15.845911979675293
2011-06-14;16.055368423461914
2011-06-15;16.210186004638672
2011-06-16;16.110010147094727
2011-06-17;15.932427406311035
2011-06-20;16.02804946899414
2011-06-21;15.905105590820312
2011-06-22;16.02804946899414
2011-06-24;15.936980247497559
2011-06-27;15.941534042358398
2011-06-28;16.415090560913086
2011-06-29;16.565353393554688
2011-06-30;16.597225189208984
2011-07-01;16.61088752746582
2011-07-04;16.756595611572266
2011-07-05;16.73838233947754
2011-07-06;16.487943649291992
2011-07-07;16.141883850097656
2011-07-08;15.800376892089844
2011-07-11;15.217538833618164
2011-07-12;14.821391105651855
2011-07-13;14.917013168334961
2011-07-14;14.47533130645752
2011-07-15;14.429797172546387
2011-07-18;14.297747611999512
2011-07-19;14.639254570007324
2011-07-20;14.743983268737793
2011-07-21;14.944334030151367
2011-07-22;14.94888687133789
2011-07-25;14.616486549377441
2011-07-26;14.379709243774414
2011-07-27;14.097396850585938
2011-07-28;14.138378143310547
2011-07-29;14.343281745910645
2011-08-01;14.297747611999512
2011-08-02;13.469024658203125
2011-08-03;13.182159423828125
2011-08-04;12.772351264953613
2011-08-05;12.886186599731445
2011-08-08;11.633995056152344
2011-08-09;12.4308443069458
2011-08-10;12.021036148071289
2011-08-11;12.421737670898438
2011-08-12;12.653962135314941
2011-08-15;12.931720733642578
2011-08-16;12.75413703918457
2011-08-17;13.136625289916992
2011-08-18;12.603874206542969
2011-08-19;12.134872436523438
2011-08-22;11.975502014160156
2011-08-23;12.066571235656738
2011-08-24;11.998269081115723
2011-08-25;12.107550621032715
2011-08-26;12.408077239990234
2011-08-29;12.590213775634766
2011-08-30;12.840652465820312
2011-08-31;13.136625289916992
2011-09-01;14.024541854858398
2011-09-02;13.655714988708496
2011-09-05;13.113858222961426
2011-09-06;13.346081733703613
2011-09-08;13.510005950927734
2011-09-09;13.113858222961426
2011-09-12;12.881632804870605
2011-09-13;12.75869083404541
2011-09-14;12.877079963684082
2011-09-15;13.09109115600586
2011-09-16;13.34152889251709
2011-09-19;13.227692604064941
2011-09-20;13.191266059875488
2011-09-21;13.150284767150879
2011-09-22;12.635747909545898
2011-09-23;12.490038871765137
2011-09-26;12.763243675231934
2011-09-27;13.291440963745117
2011-09-28;13.250460624694824
2011-09-29;13.34152889251709
2011-09-30;13.227692604064941
2011-10-03;13.054662704467773
2011-10-04;12.895294189453125
2011-10-05;13.113858222961426
2011-10-06;13.364295959472656
2011-10-07;13.200372695922852
2011-10-10;13.719463348388672
2011-10-11;13.979007720947266
2011-10-13;14.138378143310547
2011-10-14;14.297747611999512
2011-10-17;14.252214431762695
2011-10-18;14.297747611999512
2011-10-19;14.570953369140625
2011-10-20;14.388815879821777
2011-10-21;14.66657543182373
2011-10-24;14.998974800109863
2011-10-25;14.998974800109863
2011-10-26;14.998974800109863
2011-10-27;14.998974800109863
2011-10-28;15.071829795837402
2011-10-31;14.903352737426758
2011-11-01;14.630147933959961
2011-11-03;14.798624038696289
2011-11-04;14.853264808654785
2011-11-07;14.844159126281738
2011-11-08;14.821391105651855
2011-11-09;14.44801139831543
2011-11-10;14.44801139831543
2011-11-11;14.498098373413086
2011-11-14;14.534525871276855
2011-11-16;14.630147933959961
2011-11-17;14.079183578491211
2011-11-18;13.86517333984375
2011-11-21;13.66482162475586
2011-11-22;13.628395080566406
2011-11-23;13.459918022155762
2011-11-24;13.514558792114258
2011-11-25;13.437150955200195
2011-11-28;13.815085411071777
2011-11-29;13.705802917480469
2011-11-30;14.525419235229492
2011-12-01;15.094596862792969
2011-12-02;15.149237632751465
2011-12-05;15.390568733215332
2011-12-06;15.458870887756348
2011-12-07;15.436103820800781
2011-12-08;15.404230117797852
2011-12-09;15.57270622253418
2011-12-12;15.57270622253418
2011-12-13;15.367801666259766
2011-12-14;15.25396728515625
2011-12-15;15.02629566192627
2011-12-16;15.117363929748535
2011-12-19;15.02629566192627
2011-12-20;15.390568733215332
2011-12-21;15.390568733215332
2011-12-22;15.663775444030762
2011-12-23;15.79582405090332
2011-12-26;15.709308624267578
2011-12-27;15.622794151306152
2011-12-28;15.267626762390137
2011-12-29;15.477084159851074
2012-01-02;15.495298385620117
2012-01-03;15.882338523864746
2012-01-04;15.900552749633789
2012-01-05;15.782163619995117
2012-01-06;15.900552749633789
2012-01-09;16.000728607177734
2012-01-10;16.210186004638672
2012-01-11;16.232952117919922
2012-01-12;16.269380569458008
2012-01-13;16.16465187072754
2012-01-16;16.27393341064453
2012-01-17;16.27393341064453
2012-01-18;16.729276657104492
2012-01-19;16.82489776611328
2012-01-20;16.893199920654297
2012-01-23;16.574459075927734
2012-01-24;16.27393341064453
2012-01-26;16.5289249420166
2012-01-27;16.44240951538086
2012-01-30;16.16465187072754
2012-01-31;15.991621017456055
2012-02-01;16.255720138549805
2012-02-02;16.255720138549805
2012-02-03;16.319467544555664
2012-02-06;16.41964340209961
2012-02-07;16.574459075927734
2012-02-08;16.938732147216797
2012-02-09;16.82489776611328
2012-02-10;16.5289249420166
2012-02-13;16.5289249420166
2012-02-14;16.838558197021484
2012-02-15;16.574459075927734
2012-02-16;16.615440368652344
2012-02-17;16.692848205566406
2012-02-23;16.437856674194336
2012-02-24;16.392322540283203
2012-02-27;16.214738845825195
2012-02-28;16.656421661376953
2012-02-29;16.756595611572266
2012-03-01;16.938732147216797
2012-03-02;17.166404724121094
2012-03-05;16.915966033935547
2012-03-06;16.34678840637207
2012-03-07;16.688295364379883
2012-03-08;17.221044540405273
2012-03-09;17.494251251220703
2012-03-12;17.21649169921875
2012-03-13;17.41684341430664
2012-03-14;17.485143661499023
2012-03-15;17.517017364501953
2012-03-16;17.57621192932129
2012-03-19;17.57621192932129
2012-03-20;17.26658058166504
2012-03-21;17.166404724121094
2012-03-22;16.688295364379883
2012-03-23;16.5289249420166
2012-03-26;16.820344924926758
2012-03-27;16.834003448486328
2012-03-28;16.392322540283203
2012-03-29;16.223846435546875
2012-03-30;15.905105590820312
2012-04-02;16.073583602905273
2012-04-03;15.823144912719727
2012-04-04;15.335927963256836
2012-04-05;15.02629566192627
2012-04-09;14.798624038696289
2012-04-10;14.498098373413086
2012-04-11;14.498098373413086
2012-04-12;15.008082389831543
2012-04-13;14.425244331359863
2012-04-16;14.320514678955078
2012-04-17;14.343281745910645
2012-04-18;14.256767272949219
2012-04-19;14.361495971679688
2012-04-20;14.675682067871094
2012-04-23;14.47533130645752
2012-04-24;14.320514678955078
2012-04-25;13.478132247924805
2012-04-26;13.482685089111328
2012-04-27;13.523666381835938
2012-04-30;13.660268783569336
2012-05-02;13.314208030700684
2012-05-03;13.295994758605957
2012-05-04;13.113858222961426
2012-05-07;13.204925537109375
2012-05-08;13.227692604064941
2012-05-09;13.031895637512207
2012-05-10;13.036450386047363
2012-05-11;13.209480285644531
2012-05-14;12.931720733642578
2012-05-15;12.968148231506348
2012-05-16;12.968148231506348
2012-05-17;12.317008972167969
2012-05-18;12.380757331848145
2012-05-21;12.380757331848145
2012-05-22;13.004575729370117
2012-05-23;12.98636245727539
2012-05-24;12.804224967956543
2012-05-25;12.959040641784668
2012-05-28;12.995469093322754
2012-05-29;12.872526168823242
2012-05-30;12.804224967956543
2012-05-31;13.34152889251709
2012-06-01;13.013683319091797
2012-06-04;12.817885398864746
2012-06-05;12.622088432312012
2012-06-06;13.150284767150879
2012-06-08;13.072876930236816
2012-06-11;13.204925537109375
2012-06-12;13.432597160339355
2012-06-13;13.455365180969238
2012-06-14;13.464470863342285
2012-06-15;13.751337051391602
2012-06-18;13.751337051391602
2012-06-19;13.878832817077637
2012-06-20;13.683035850524902
2012-06-21;13.145731925964355
2012-06-22;12.872526168823242
2012-06-25;12.385310173034668
2012-06-26;12.367095947265625
2012-06-27;12.526466369628906
2012-06-28;12.408077239990234
2012-06-29;12.881632804870605
2012-07-02;12.922614097595215
2012-07-03;13.182159423828125
2012-07-04;13.259567260742188
2012-07-05;13.409830093383789
2012-07-06;13.318761825561523
2012-07-10;12.72226333618164
2012-07-11;12.776905059814453
2012-07-12;12.908953666687012
2012-07-13;13.27322769165039
2012-07-16;13.27322769165039
2012-07-17;13.159392356872559
2012-07-18;13.473578453063965
2012-07-19;13.733122825622559
2012-07-20;13.683035850524902
2012-07-23;13.295994758605957
2012-07-24;13.746784210205078
2012-07-25;13.842406272888184
2012-07-26;14.224892616271973
2012-07-27;14.753089904785156
2012-07-30;15.158345222473145
2012-07-31;14.784963607788086
2012-08-01;14.675682067871094
2012-08-02;14.297747611999512
2012-08-03;14.73032283782959
2012-08-06;15.062723159790039
2012-08-07;15.062723159790039
2012-08-08;15.062723159790039
2012-08-09;15.395122528076172
2012-08-10;15.5635986328125
2012-08-13;15.458870887756348
2012-08-14;15.458870887756348
2012-08-15;15.458870887756348
2012-08-16;15.458870887756348
2012-08-17;15.458870887756348
2012-08-20;15.641008377075195
2012-08-21;15.549939155578613
2012-08-22;15.60913372039795
2012-08-23;15.50440502166748
2012-08-24;15.486190795898438
2012-08-27;15.25396728515625
2012-08-28;15.25396728515625
2012-08-29;14.885139465332031
2012-08-30;14.798624038696289
2012-08-31;14.434350967407227
2012-09-03;14.593720436096191
2012-09-04;14.297747611999512
2012-09-05;14.343281745910645
2012-09-06;14.753089904785156
2012-09-10;14.839605331420898
2012-09-11;14.998974800109863
2012-09-12;15.395122528076172
2012-09-13;15.709308624267578
2012-09-14;15.891446113586426
2012-09-17;15.709308624267578
2012-09-18;15.335927963256836
2012-09-19;15.3450345993042
2012-09-20;15.231200218200684
2012-09-21;15.31771469116211
2012-09-24;15.372356414794922
2012-09-25;14.44801139831543
2012-09-26;14.525419235229492
2012-09-27;14.343281745910645
2012-09-28;13.919814109802246
2012-10-01;14.138378143310547
2012-10-02;14.070076942443848
2012-10-03;13.887940406799316
2012-10-04;13.910707473754883
2012-10-05;14.019989013671875
2012-10-08;14.051862716674805
2012-10-09;13.705802917480469
2012-10-10;13.387063026428223
2012-10-11;13.500899314880371
2012-10-15;13.57375431060791
2012-10-16;13.619288444519043
2012-10-17;13.614733695983887
2012-10-18;13.578307151794434
2012-10-19;13.432597160339355
2012-10-22;13.364295959472656
2012-10-23;12.940828323364258
2012-10-24;13.469024658203125
2012-10-25;13.660268783569336
2012-10-26;13.473578453063965
2012-10-29;13.478132247924805
2012-10-30;13.642054557800293
2012-10-31;13.514558792114258
2012-11-01;14.11561107635498
2012-11-05;14.101950645446777
2012-11-06;14.234000205993652
2012-11-07;13.878832817077637
2012-11-08;13.569199562072754
2012-11-09;13.578307151794434
2012-11-12;13.569199562072754
2012-11-13;13.8196382522583
2012-11-14;13.628395080566406
2012-11-16;13.678482055664062
2012-11-19;14.101950645446777
2012-11-21;14.274980545043945
2012-11-22;14.443456649780273
2012-11-23;14.611933708190918
2012-11-26;14.343281745910645
2012-11-27;14.120163917541504
2012-11-28;14.18391227722168
2012-11-29;14.543633460998535
2012-11-30;14.625594139099121
2012-12-03;15.02629566192627
2012-12-04;14.862372398376465
2012-12-05;14.939780235290527
2012-12-06;14.889693260192871
2012-12-07;14.917013168334961
2012-12-10;14.926119804382324
2012-12-11;15.02174186706543
2012-12-12;14.96254825592041
2012-12-13;14.971653938293457
2012-12-14;14.844159126281738
2012-12-17;14.889693260192871
2012-12-18;14.976207733154297
2012-12-19;15.50440502166748
2012-12-20;15.436103820800781
2012-12-21;15.522619247436523
2012-12-26;15.363248825073242
2012-12-27;15.108257293701172
2012-12-28;15.194771766662598
2013-01-02;15.700201988220215
2013-01-03;16.169204711914062
2013-01-04;16.073583602905273
2013-01-07;15.800376892089844
2013-01-08;15.86412525177002
2013-01-09;16.119117736816406
2013-01-10;15.914213180541992
2013-01-11;15.955194473266602
2013-01-14;16.16465187072754
2013-01-15;15.950639724731445
2013-01-16;16.091796875
2013-01-17;16.365001678466797
2013-01-18;16.41964340209961
2013-01-21;16.301254272460938
2013-01-22;16.301254272460938
2013-01-23;16.255720138549805
2013-01-24;16.27393341064453
2013-01-28;15.845911979675293
2013-01-29;15.823144912719727
2013-01-30;15.522619247436523
2013-01-31;15.631900787353516
2013-02-01;15.549939155578613
2013-02-04;15.185665130615234
2013-02-05;15.568153381347656
2013-02-06;15.24485969543457
2013-02-07;15.149237632751465
2013-02-08;15.422443389892578
2013-02-13;15.381463050842285
2013-02-14;15.308608055114746
2013-02-15;16.01894187927246
2013-02-18;16.18741798400879
2013-02-19;15.873231887817383
2013-02-20;15.595473289489746
2013-02-21;15.481637954711914
2013-02-22;15.982514381408691
2013-02-25;16.014387130737305
2013-02-26;15.722969055175781
2013-02-27;15.782163619995117
2013-02-28;15.959747314453125
2013-03-01;16.02804946899414
2013-03-04;15.959747314453125
2013-03-05;15.946086883544922
2013-03-06;16.214738845825195
2013-03-07;16.319467544555664
2013-03-08;16.80213165283203
2013-03-11;16.711061477661133
2013-03-12;16.46062469482422
2013-03-13;16.437856674194336
2013-03-14;16.18741798400879
2013-03-15;16.201078414916992
2013-03-18;16.50615882873535
2013-03-19;16.310361862182617
2013-03-20;16.45151710510254
2013-03-21;16.269380569458008
2013-03-22;16.069028854370117
2013-03-25;15.936980247497559
2013-03-26;16.105457305908203
2013-03-27;16.141883850097656
2013-03-28;16.141883850097656
2013-04-01;16.114564895629883
2013-04-02;15.82769775390625
2013-04-03;15.855018615722656
2013-04-04;15.404230117797852
2013-04-05;15.399676322937012
2013-04-08;15.390568733215332
2013-04-09;15.754842758178711
2013-04-10;15.991621017456055
2013-04-11;16.05081558227539
2013-04-12;15.754842758178711
2013-04-15;15.413335800170898
2013-04-16;15.800376892089844
2013-04-17;15.413335800170898
2013-04-18;14.885139465332031
2013-04-19;15.21298599243164
2013-04-22;15.135578155517578
2013-04-23;15.231200218200684
2013-04-24;15.340481758117676
2013-04-25;15.331375122070312
2013-04-26;15.331375122070312
2013-04-29;14.935227394104004
2013-04-30;15.326821327209473
2013-05-02;15.135578155517578
2013-05-03;15.3450345993042
2013-05-06;15.322267532348633
2013-05-07;15.773056983947754
2013-05-08;15.936980247497559
2013-05-09;15.936980247497559
2013-05-10;15.786717414855957
2013-05-13;15.486190795898438
2013-05-14;15.718416213989258
2013-05-15;15.982514381408691
2013-05-16;15.832250595092773
2013-05-17;15.996174812316895
2013-05-20;14.712108612060547
2013-05-21;16.443775177001953
2013-05-22;16.65915298461914
2013-05-23;16.51890754699707
2013-05-24;16.468820571899414
2013-05-27;16.398696899414062
2013-05-28;16.453794479370117
2013-05-29;16.053091049194336
2013-05-31;16.218381881713867
2013-06-03;16.088153839111328
2013-06-04;16.16829490661621
2013-06-05;15.607312202453613
2013-06-06;15.75256633758545
2013-06-07;15.65239143371582
2013-06-10;15.622339248657227
2013-06-11;15.111445426940918
2013-06-12;15.076382637023926
2013-06-13;15.0363130569458
2013-06-14;14.715751647949219
2013-06-17;14.795891761779785
2013-06-18;14.705735206604004
2013-06-19;14.525419235229492
2013-06-20;14.69070816040039
2013-06-21;14.305032730102539
2013-06-24;13.82419204711914
2013-06-25;13.879287719726562
2013-06-26;13.949411392211914
2013-06-27;14.229902267456055
2013-06-28;14.400199890136719
2013-07-01;14.274980545043945
2013-07-02;13.658903121948242
2013-07-03;13.503630638122559
2013-07-04;13.673929214477539
2013-07-05;13.423490524291992
2013-07-08;13.468568801879883
2013-07-10;13.518656730651855
2013-07-11;13.8592529296875
2013-07-12;13.713998794555664
2013-07-15;13.964436531066895
2013-07-16;14.044577598571777
2013-07-17;14.224892616271973
2013-07-18;14.244928359985352
2013-07-19;14.249937057495117
2013-07-22;14.48534870147705
2013-07-23;14.68069076538086
2013-07-24;14.50538444519043
2013-07-25;14.525419235229492
2013-07-26;14.525419235229492
2013-07-29;14.52040958404541
2013-07-30;14.635611534118652
2013-07-31;14.58552360534668
2013-08-01;15.061356544494629
2013-08-02;14.976207733154297
2013-08-05;14.740796089172363
2013-08-06;14.400199890136719
2013-08-07;14.23491096496582
2013-08-08;14.645628929138184
2013-08-09;14.715751647949219
2013-08-12;15.10142707824707
2013-08-13;15.206610679626465
2013-08-14;15.056347846984863
2013-08-15;14.931129455566406
2013-08-16;14.625594139099121
2013-08-19;14.495366096496582
2013-08-20;14.340094566345215
2013-08-21;14.23491096496582
2013-08-22;14.244928359985352
2013-08-23;14.730777740478516
2013-08-26;14.480340003967285
2013-08-27;14.074629783630371
2013-08-28;14.124717712402344
2013-08-29;14.23991870880127
2013-08-30;14.530427932739258
2013-09-02;14.675682067871094
2013-09-03;14.530427932739258
2013-09-04;14.565488815307617
2013-09-05;14.7207612991333
2013-09-06;15.021286964416504
2013-09-09;15.442023277282715
2013-09-10;15.552215576171875
2013-09-11;15.477084159851074
2013-09-12;15.442023277282715
2013-09-13;15.6674165725708
2013-09-16;15.572251319885254
2013-09-17;15.822689056396484
2013-09-18;16.278486251831055
2013-09-19;16.178312301635742
2013-09-20;15.687453269958496
2013-09-23;15.82769775390625
2013-09-24;15.767593383789062
2013-09-25;15.78261947631836
2013-09-26;15.777609825134277
2013-09-27;16.128223419189453
2013-09-30;15.747557640075684
2013-10-01;15.90282917022705
2013-10-02;15.837716102600098
2013-10-03;15.877785682678223
2013-10-04;15.90282917022705
2013-10-07;15.832707405090332
2013-10-08;15.777609825134277
2013-10-09;15.947908401489258
2013-10-10;16.2283992767334
2013-10-11;16.07312774658203
2013-10-14;16.188329696655273
2013-10-15;16.253442764282227
2013-10-16;16.438766479492188
2013-10-17;16.57901382446289
2013-10-18;16.98973274230957
2013-10-21;16.83445930480957
2013-10-22;16.924617767333984
2013-10-23;16.6942138671875
2013-10-24;16.61407470703125
2013-10-25;16.5289249420166
2013-10-28;16.724266052246094
2013-10-29;17.335336685180664
2013-10-30;17.275230407714844
2013-10-31;17.320310592651367
2013-11-01;17.15502166748047
2013-11-04;17.285249710083008
2013-11-05;16.99974822998047
2013-11-06;16.794389724731445
2013-11-07;16.5439510345459
2013-11-08;16.10818862915039
2013-11-11;16.178312301635742
2013-11-12;16.153268814086914
2013-11-13;16.478836059570312
2013-11-14;16.829450607299805
2013-11-18;17.05985450744629
2013-11-19;16.60405731201172
2013-11-21;16.433759689331055
2013-11-22;16.188329696655273
2013-11-25;15.947908401489258
2013-11-26;16.02804946899414
2013-11-27;16.453794479370117
2013-11-28;16.303531646728516
2013-11-29;16.498872756958008
2013-12-02;16.138240814208984
2013-12-03;15.777609825134277
2013-12-04;15.712495803833008
2013-12-05;15.57726001739502
2013-12-06;15.742548942565918
2013-12-09;15.89281177520752
2013-12-10;15.79263687133789
2013-12-11;15.371899604797363
2013-12-12;15.502127647399902
2013-12-13;15.562232971191406
2013-12-16;15.612320899963379
2013-12-17;15.632355690002441
2013-12-18;15.727522850036621
2013-12-19;16.078136444091797
2013-12-20;15.697469711303711
2013-12-23;15.76258373260498
2013-12-26;15.872776985168457
2013-12-27;15.82769775390625
2013-12-30;16.0631103515625
2014-01-02;15.787628173828125
2014-01-03;15.757575035095215
2014-01-06;15.78261947631836
2014-01-07;15.662408828735352
2014-01-08;15.907837867736816
2014-01-09;15.411970138549805
2014-01-10;15.487101554870605
2014-01-13;15.41697883605957
2014-01-14;15.647381782531738
2014-01-15;15.65239143371582
2014-01-16;15.326821327209473
2014-01-17;15.02629566192627
2014-01-20;14.906085014343262
2014-01-21;15.116453170776367
2014-01-22;15.151515007019043
2014-01-23;14.85098934173584
2014-01-24;14.655647277832031
2014-01-27;14.951164245605469
2014-01-28;15.056347846984863
2014-01-29;14.770848274230957
2014-01-30;14.78587532043457
2014-01-31;15.156522750854492
2014-02-03;14.976207733154297
2014-02-04;15.702479362487793
2014-02-05;15.627346992492676
2014-02-06;15.952917098999023
2014-02-07;15.942899703979492
2014-02-10;15.917856216430664
2014-02-11;15.947908401489258
2014-02-12;15.777609825134277
2014-02-13;15.707488059997559
2014-02-14;15.82769775390625
2014-02-17;15.627346992492676
2014-02-18;15.532180786132812
2014-02-19;15.57726001739502
2014-02-20;15.557225227355957
2014-02-21;15.57726001739502
2014-02-24;15.662408828735352
2014-02-25;15.557225227355957
2014-02-26;15.497118949890137
2014-02-27;15.742548942565918
2014-02-28;15.632355690002441
2014-03-05;15.391935348510742
2014-03-06;15.817680358886719
2014-03-07;15.502127647399902
2014-03-10;15.301777839660645
2014-03-11;15.467066764831543
2014-03-12;15.276734352111816
2014-03-13;15.07137393951416
2014-03-14;14.670673370361328
2014-03-17;14.976207733154297
2014-03-18;15.256698608398438
2014-03-19;15.326821327209473
2014-03-20;15.647381782531738
2014-03-21;15.707488059997559
2014-03-24;16.163284301757812
2014-03-25;16.253442764282227
2014-03-26;16.393688201904297
2014-03-27;16.749311447143555
2014-03-28;16.64913558959961
2014-03-31;16.969696044921875
2014-04-01;17.10493278503418
2014-04-02;17.65589714050293
2014-04-03;17.450538635253906
2014-04-04;17.20009994506836
2014-04-07;17.590782165527344
2014-04-08;17.335336685180664
2014-04-09;17.10493278503418
2014-04-10;17.29025650024414
2014-04-11;17.70097541809082
2014-04-14;17.475582122802734
2014-04-15;17.054845809936523
2014-04-16;17.365388870239258
2014-04-17;17.80615997314453
2014-04-22;17.931379318237305
2014-04-23;17.896318435668945
2014-04-24;18.281993865966797
2014-04-25;18.457300186157227
2014-04-28;18.422237396240234
2014-04-29;18.4322566986084
2014-04-30;18.4172306060791
2014-05-02;18.75782585144043
2014-05-05;18.958175659179688
2014-05-06;18.782869338989258
2014-05-07;18.913097381591797
2014-05-08;18.622589111328125
2014-05-09;18.457300186157227
2014-05-12;18.81292152404785
2014-05-13;18.697721481323242
2014-05-14;18.777860641479492
2014-05-15;18.637615203857422
2014-05-16;18.822940826416016
2014-05-19;18.702728271484375
2014-05-20;18.372150421142578
2014-05-21;17.98146629333496
2014-05-22;18.201852798461914
2014-05-23;17.92637062072754
2014-05-26;17.871274948120117
2014-05-27;17.88129234313965
2014-05-28;18.20686149597168
2014-05-29;17.931379318237305
2014-05-30;17.430503845214844
2014-06-02;17.540695190429688
2014-06-03;17.6458797454834
2014-06-04;17.44552993774414
2014-06-05;17.215126037597656
2014-06-06;17.983470916748047
2014-06-09;18.661157608032227
2014-06-10;18.611570358276367
2014-06-11;18.99724578857422
2014-06-13;18.892560958862305
2014-06-16;18.765840530395508
2014-06-17;18.517906188964844
2014-06-18;18.77134895324707
2014-06-20;18.495866775512695
2014-06-23;18.358125686645508
2014-06-24;18.391183853149414
2014-06-25;17.807161331176758
2014-06-26;17.74655532836914
2014-06-27;17.69145965576172
2014-06-30;17.60330581665039
2014-07-01;17.674930572509766
2014-07-02;17.388429641723633
2014-07-03;17.51515007019043
2014-07-04;17.504131317138672
2014-07-07;17.520660400390625
2014-07-08;17.482093811035156
2014-07-10;18.292011260986328
2014-07-11;18.264461517333984
2014-07-14;18.6942138671875
2014-07-15;18.92011070251465
2014-07-16;18.429752349853516
2014-07-17;18.457300186157227
2014-07-18;19.360881805419922
2014-07-21;19.52617073059082
2014-07-22;19.48760223388672
2014-07-23;19.493112564086914
2014-07-24;19.779613494873047
2014-07-25;19.69696807861328
2014-07-28;19.56473731994629
2014-07-29;19.652891159057617
2014-07-30;19.74655532836914
2014-07-31;19.327823638916016
2014-08-01;19.300275802612305
2014-08-04;19.542699813842773
2014-08-05;19.807161331176758
2014-08-06;19.724517822265625
2014-08-07;19.548208236694336
2014-08-08;19.28374671936035
2014-08-11;19.636362075805664
2014-08-12;19.581266403198242
2014-08-13;19.24517822265625
2014-08-14;19.41046714782715
2014-08-15;19.69696807861328
2014-08-18;19.983470916748047
2014-08-19;20.66666603088379
2014-08-20;20.765840530395508
2014-08-21;20.887052536010742
2014-08-22;20.650136947631836
2014-08-25;21.162534713745117
2014-08-26;21.305784225463867
2014-08-27;21.95041275024414
2014-08-28;21.741046905517578
2014-08-29;22.314048767089844
2014-09-01;22.314048767089844
2014-09-02;22.721763610839844
2014-09-03;22.644628524780273
2014-09-04;22.18181800842285
2014-09-05;22.34710693359375
2014-09-08;21.76859474182129
2014-09-09;21.432506561279297
2014-09-10;21.201101303100586
2014-09-11;21.16804313659668
2014-09-12;20.407712936401367
2014-09-15;20.92561912536621
2014-09-16;21.465564727783203
2014-09-17;21.559228897094727
2014-09-18;21.305784225463867
2014-09-19;20.798898696899414
2014-09-22;20.517906188964844
2014-09-23;20.418731689453125
2014-09-24;20.57851219177246
2014-09-25;19.933883666992188
2014-09-26;20.77134895324707
2014-09-29;19.316804885864258
2014-09-30;18.650136947631836
2014-10-01;18.159778594970703
2014-10-02;18.765840530395508
2014-10-03;19.20661163330078
2014-10-06;20.236913681030273
2014-10-07;20.26997184753418
2014-10-08;20.005508422851562
2014-10-09;20.258953094482422
2014-10-10;19.42148780822754
2014-10-13;20.9366397857666
2014-10-14;21.12947654724121
2014-10-15;20.18181800842285
2014-10-16;19.647382736206055
2014-10-17;20.22038459777832
2014-10-20;19.724517822265625
2014-10-21;18.7327823638916
2014-10-22;18.611570358276367
2014-10-23;17.76859474182129
2014-10-24;18.264461517333984
2014-10-27;17.862258911132812
2014-10-28;18.677684783935547
2014-10-29;18.137741088867188
2014-10-30;19.60330581665039
2014-10-31;20.236913681030273
2014-11-03;20.1652889251709
2014-11-04;20.55096435546875
2014-11-05;20.3250675201416
2014-11-06;19.586776733398438
2014-11-07;19.917354583740234
2014-11-10;19.862258911132812
2014-11-11;19.851238250732422
2014-11-12;20.0
2014-11-13;19.355371475219727
2014-11-14;19.44903564453125
2014-11-17;19.305784225463867
2014-11-18;19.867767333984375
2014-11-19;20.66666603088379
2014-11-21;22.02754783630371
2014-11-24;21.570247650146484
2014-11-25;21.84572982788086
2014-11-26;21.663911819458008
2014-11-27;21.34435272216797
2014-11-28;21.32231330871582
2014-12-01;20.3250675201416
2014-12-02;20.154268264770508
2014-12-03;20.3250675201416
2014-12-04;20.022037506103516
2014-12-05;20.402202606201172
2014-12-08;19.64187240600586
2014-12-09;19.71900749206543
2014-12-10;19.42148780822754
2014-12-11;19.64187240600586
2014-12-12;18.595041275024414
2014-12-15;18.198347091674805
2014-12-16;18.110191345214844
2014-12-17;19.02479362487793
2014-12-18;18.881542205810547
2014-12-19;19.173553466796875
2014-12-22;19.305784225463867
2014-12-23;19.393938064575195
2014-12-26;19.118457794189453
2014-12-29;19.173553466796875
2014-12-30;19.0633602142334
2015-01-02;18.639118194580078
2015-01-05;18.7327823638916
2015-01-06;19.035812377929688
2015-01-07;19.724517822265625
2015-01-08;20.033056259155273
2015-01-09;19.157024383544922
2015-01-12;18.6942138671875
2015-01-13;18.672176361083984
2015-01-14;18.798898696899414
2015-01-15;18.633607864379883
2015-01-16;18.92011070251465
2015-01-19;18.236913681030273
2015-01-20;18.29751968383789
2015-01-21;18.837465286254883
2015-01-22;18.931129455566406
2015-01-23;18.749311447143555
2015-01-26;18.969696044921875
2015-01-27;18.8980712890625
2015-01-28;18.51239585876465
2015-01-29;18.38567352294922
2015-01-30;18.126720428466797
2015-02-02;18.358125686645508
2015-02-03;18.87052345275879
2015-02-04;19.56473731994629
2015-02-05;19.39944839477539
2015-02-06;19.355371475219727
2015-02-09;19.47658348083496
2015-02-10;19.228649139404297
2015-02-11;18.446279525756836
2015-02-12;18.931129455566406
2015-02-13;19.559228897094727
2015-02-18;19.674930572509766
2015-02-19;19.66942024230957
2015-02-20;19.77410316467285
2015-02-23;19.966941833496094
2015-02-24;20.176307678222656
2015-02-25;20.225894927978516
2015-02-26;20.3250675201416
2015-02-27;20.110191345214844
2015-03-02;20.011018753051758
2015-03-03;20.1652889251709
2015-03-04;19.98897933959961
2015-03-05;19.812671661376953
2015-03-06;19.28374671936035
2015-03-09;18.78236961364746
2015-03-10;18.044076919555664
2015-03-11;18.65564727783203
2015-03-12;18.7327823638916
2015-03-13;18.639118194580078
2015-03-16;18.639118194580078
2015-03-17;19.173553466796875
2015-03-18;19.752065658569336
2015-03-19;19.6308536529541
2015-03-20;19.796142578125
2015-03-23;19.66942024230957
2015-03-24;19.548208236694336
2015-03-25;19.531679153442383
2015-03-26;18.980716705322266
2015-03-27;18.650136947631836
2015-03-30;19.278236389160156
2015-03-31;19.454544067382812
2015-04-01;20.110191345214844
2015-04-02;20.303030014038086
2015-04-06;20.55096435546875
2015-04-07;20.561983108520508
2015-04-08;20.661157608032227
2015-04-09;20.24793243408203
2015-04-10;20.39669418334961
2015-04-13;20.236913681030273
2015-04-14;20.236913681030273
2015-04-15;20.5289249420166
2015-04-16;20.37465476989746
2015-04-17;20.11570167541504
2015-04-20;19.779613494873047
2015-04-22;20.330577850341797
2015-04-23;20.881542205810547
2015-04-24;21.559228897094727
2015-04-27;21.157024383544922
2015-04-28;21.37190055847168
2015-04-29;21.07988929748535
2015-04-30;21.228649139404297
2015-05-04;21.460054397583008
2015-05-05;21.250688552856445
2015-05-06;20.71625328063965
2015-05-07;20.798898696899414
2015-05-08;21.07438087463379
2015-05-11;20.97520637512207
2015-05-12;20.881542205810547
2015-05-13;20.738292694091797
2015-05-14;20.942148208618164
2015-05-15;21.333332061767578
2015-05-18;20.765840530395508
2015-05-19;20.47382926940918
2015-05-20;20.110191345214844
2015-05-21;19.867767333984375
2015-05-22;19.44903564453125
2015-05-25;19.520660400390625
2015-05-26;19.234159469604492
2015-05-27;19.625343322753906
2015-05-28;19.393938064575195
2015-05-29;18.914600372314453
2015-06-01;18.776859283447266
2015-06-02;19.195592880249023
2015-06-03;18.710742950439453
2015-06-05;18.264461517333984
2015-06-08;18.187326431274414
2015-06-09;18.071624755859375
2015-06-10;18.600549697875977
2015-06-11;18.484848022460938
2015-06-12;18.292011260986328
2015-06-15;18.38567352294922
2015-06-16;19.035812377929688
2015-06-17;18.699724197387695
2015-06-18;19.162534713745117
2015-06-19;18.94765853881836
2015-06-22;19.00275421142578
2015-06-23;19.190082550048828
2015-06-24;19.25619888305664
2015-06-25;18.92561912536621
2015-06-26;19.09090805053711
2015-06-29;18.84848403930664
2015-06-30;18.853994369506836
2015-07-01;18.953168869018555
2015-07-02;19.20661163330078
2015-07-03;19.013774871826172
2015-07-06;18.688705444335938
2015-07-07;18.760330200195312
2015-07-08;18.545454025268555
2015-07-10;19.107437133789062
2015-07-13;19.28374671936035
2015-07-14;19.296968460083008
2015-07-15;18.96363639831543
2015-07-16;19.01818084716797
2015-07-17;18.903030395507812
2015-07-20;18.787878036499023
2015-07-21;18.63030242919922
2015-07-22;18.339393615722656
2015-07-23;17.575756072998047
2015-07-24;17.49696922302246
2015-07-27;17.46060562133789
2015-07-28;17.781818389892578
2015-07-29;17.95757484436035
2015-07-30;17.733333587646484
2015-07-31;18.230302810668945
2015-08-03;18.133333206176758
2015-08-04;17.69696807861328
2015-08-05;17.66666603088379
2015-08-06;17.600000381469727
2015-08-07;17.084848403930664
2015-08-10;17.30908966064453
2015-08-11;17.27272605895996
2015-08-12;16.7757568359375
2015-08-13;16.18181800842285
2015-08-14;16.16363525390625
2015-08-17;15.993939399719238
2015-08-18;16.26060676574707
2015-08-19;15.927271842956543
2015-08-20;15.96363639831543
2015-08-21;16.0
2015-08-24;15.67272663116455
2015-08-25;15.642423629760742
2015-08-26;16.58787727355957
2015-08-27;17.175756454467773
2015-08-28;16.68484878540039
2015-08-31;16.09090805053711
2015-09-01;15.709090232849121
2015-09-02;16.078786849975586
2015-09-03;16.690908432006836
2015-09-04;16.012121200561523
2015-09-08;16.187877655029297
2015-09-09;16.36969566345215
2015-09-10;16.042423248291016
2015-09-11;16.07272720336914
2015-09-14;16.72121238708496
2015-09-15;17.133333206176758
2015-09-16;17.418180465698242
2015-09-17;17.5696964263916
2015-09-18;16.878786087036133
2015-09-21;16.50303077697754
2015-09-22;16.660606384277344
2015-09-23;16.0
2015-09-24;16.18181800842285
2015-09-25;15.787878036499023
2015-09-28;15.7757568359375
2015-09-29;15.709090232849121
2015-09-30;16.066665649414062
2015-10-01;16.290908813476562
2015-10-02;16.951515197753906
2015-10-05;17.30908966064453
2015-10-06;17.466665267944336
2015-10-07;17.96363639831543
2015-10-08;18.030302047729492
2015-10-09;17.909090042114258
2015-10-13;16.951515197753906
2015-10-14;16.7939395904541
2015-10-15;16.51515007019043
2015-10-16;16.266666412353516
2015-10-19;16.654544830322266
2015-10-20;16.31515121459961
2015-10-21;16.193939208984375
2015-10-22;16.53333282470703
2015-10-23;16.42424201965332
2015-10-26;16.18181800842285
2015-10-27;16.09090805053711
2015-10-28;16.200000762939453
2015-10-29;15.757575035095215
2015-10-30;16.042423248291016
2015-11-03;17.066665649414062
2015-11-04;17.10909080505371
2015-11-05;17.31515121459961
2015-11-06;17.05454444885254
2015-11-09;16.618181228637695
2015-11-10;16.72121238708496
2015-11-11;17.175756454467773
2015-11-12;17.224241256713867
2015-11-13;16.745454788208008
2015-11-16;17.218181610107422
2015-11-17;17.339393615722656
2015-11-18;17.296968460083008
2015-11-19;17.769695281982422
2015-11-23;17.763635635375977
2015-11-24;17.787878036499023
2015-11-25;16.915151596069336
2015-11-26;17.16363525390625
2015-11-27;16.709089279174805
2015-11-30;16.842424392700195
2015-12-01;16.96363639831543
2015-12-02;16.42424201965332
2015-12-03;17.466665267944336
2015-12-04;17.078786849975586
2015-12-07;16.951515197753906
2015-12-08;16.7575740814209
2015-12-09;17.66666603088379
2015-12-10;17.454544067382812
2015-12-11;17.454544067382812
2015-12-14;17.042423248291016
2015-12-15;17.151514053344727
2015-12-16;17.03636360168457
2015-12-17;17.327272415161133
2015-12-18;16.321212768554688
2015-12-21;16.01818084716797
2015-12-22;16.121212005615234
2015-12-23;16.060606002807617
2015-12-28;16.0
2015-12-29;16.012121200561523
2015-12-30;15.957574844360352
2016-01-04;15.230302810668945
2016-01-05;15.357575416564941
2016-01-06;15.296969413757324
2016-01-07;15.006059646606445
2016-01-08;15.012121200561523
2016-01-11;14.836362838745117
2016-01-12;14.903030395507812
2016-01-13;14.67272663116455
2016-01-14;14.884847640991211
2016-01-15;14.496969223022461
2016-01-18;14.327272415161133
2016-01-19;14.181818008422852
2016-01-20;13.981818199157715
2016-01-21;14.012121200561523
2016-01-22;14.145454406738281
2016-01-26;14.296969413757324
2016-01-27;14.35151481628418
2016-01-28;14.448484420776367
2016-01-29;15.121212005615234
2016-02-01;15.436363220214844
2016-02-02;14.327272415161133
2016-02-03;14.67272663116455
2016-02-04;14.884847640991211
2016-02-05;15.030303001403809
2016-02-10;15.10303020477295
2016-02-11;14.654544830322266
2016-02-12;14.769696235656738
2016-02-15;14.721212387084961
2016-02-16;15.078786849975586
2016-02-17;15.242424011230469
2016-02-18;14.933333396911621
2016-02-19;14.709090232849121
2016-02-22;15.303030014038086
2016-02-23;15.084848403930664
2016-02-24;14.957574844360352
2016-02-25;14.969696044921875
2016-02-26;14.969696044921875
2016-02-29;15.393939018249512
2016-03-01;16.10909080505371
2016-03-02;16.484848022460938
2016-03-03;18.115150451660156
2016-03-04;19.0
2016-03-07;18.915151596069336
2016-03-08;19.339393615722656
2016-03-09;18.69696807861328
2016-03-10;19.4303035736084
2016-03-11;19.59393882751465
2016-03-14;19.50303077697754
2016-03-15;18.636362075805664
2016-03-16;18.084848403930664
2016-03-17;20.060606002807617
2016-03-18;20.115150451660156
2016-03-21;20.121212005615234
2016-03-22;19.606060028076172
2016-03-23;18.9818172454834
2016-03-24;18.781818389892578
2016-03-28;19.248483657836914
2016-03-29;19.363636016845703
2016-03-30;19.472726821899414
2016-03-31;18.915151596069336
2016-04-01;19.03636360168457
2016-04-04;18.36969566345215
2016-04-05;18.40605926513672
2016-04-06;17.878786087036133
2016-04-07;18.07272720336914
2016-04-08;19.212120056152344
2016-04-11;19.30908966064453
2016-04-12;20.18181800842285
2016-04-13;20.4303035736084
2016-04-14;19.836362838745117
2016-04-15;19.96363639831543
2016-04-18;19.818180084228516
2016-04-19;19.92727279663086
2016-04-20;19.557575225830078
2016-04-22;19.200000762939453
2016-04-25;19.030302047729492
2016-04-26;19.690908432006836
2016-04-27;20.363636016845703
2016-04-28;20.224241256713867
2016-04-29;19.92121124267578
2016-05-02;19.363636016845703
2016-05-03;18.248483657836914
2016-05-04;18.69696807861328
2016-05-05;18.418180465698242
2016-05-06;18.42424201965332
2016-05-09;18.539392471313477
2016-05-10;19.70302963256836
2016-05-11;19.581817626953125
2016-05-12;19.7757568359375
2016-05-13;19.030302047729492
2016-05-16;18.73939323425293
2016-05-17;18.339393615722656
2016-05-18;18.624242782592773
2016-05-19;18.466665267944336
2016-05-20;18.230302810668945
2016-05-23;18.290908813476562
2016-05-24;18.27272605895996
2016-05-25;18.187877655029297
2016-05-27;18.006059646606445
2016-05-30;18.0
2016-05-31;17.606060028076172
2016-06-01;17.860605239868164
2016-06-02;18.12727165222168
2016-06-03;18.10909080505371
2016-06-06;17.933332443237305
2016-06-07;18.224241256713867
2016-06-08;18.50303077697754
2016-06-09;18.46060562133789
2016-06-10;17.51515007019043
2016-06-13;17.59393882751465
2016-06-14;17.339393615722656
2016-06-15;17.254545211791992
2016-06-16;17.5696964263916
2016-06-17;17.527271270751953
2016-06-20;17.818180084228516
2016-06-21;17.81212043762207
2016-06-22;17.50303077697754
2016-06-23;18.18181800842285
2016-06-24;17.545454025268555
2016-06-27;16.95757484436035
2016-06-28;17.551515579223633
2016-06-29;17.945453643798828
2016-06-30;18.363636016845703
2016-07-01;18.733333587646484
2016-07-04;18.72121238708496
2016-07-05;18.58787727355957
2016-07-06;18.660606384277344
2016-07-07;18.84848403930664
2016-07-08;19.357574462890625
2016-07-11;19.545454025268555
2016-07-12;19.381818771362305
2016-07-13;19.781818389892578
2016-07-14;20.3454532623291
2016-07-15;20.27878761291504
2016-07-18;20.624242782592773
2016-07-19;20.50303077697754
2016-07-20;20.824241638183594
2016-07-21;20.545454025268555
2016-07-22;20.672727584838867
2016-07-25;20.51515007019043
2016-07-26;20.254545211791992
2016-07-27;20.333332061767578
2016-07-28;20.10909080505371
2016-07-29;20.47878646850586
2016-08-01;20.26060676574707
2016-08-02;20.50303077697754
2016-08-03;21.357574462890625
2016-08-04;21.47878646850586
2016-08-05;21.35151481628418
2016-08-08;21.212120056152344
2016-08-09;21.254545211791992
2016-08-10;21.078786849975586
2016-08-11;21.618181228637695
2016-08-12;21.781818389892578
2016-08-15;22.012121200561523
2016-08-16;21.92121124267578
2016-08-17;22.212120056152344
2016-08-18;22.169696807861328
2016-08-19;22.024242401123047
2016-08-22;21.600000381469727
2016-08-23;21.563636779785156
2016-08-24;21.46060562133789
2016-08-25;21.393938064575195
2016-08-26;21.654544830322266
2016-08-29;22.03636360168457
2016-08-30;22.18181800842285
2016-08-31;21.727272033691406
2016-09-01;21.933332443237305
2016-09-02;22.254545211791992
2016-09-05;22.26060676574707
2016-09-06;22.472726821899414
2016-09-08;22.2060604095459
2016-09-09;21.363636016845703
2016-09-12;21.642423629760742
2016-09-13;21.212120056152344
2016-09-14;21.230302810668945
2016-09-15;21.690908432006836
2016-09-16;21.200000762939453
2016-09-19;21.35151481628418
2016-09-20;21.399999618530273
2016-09-21;21.606060028076172
2016-09-22;21.951515197753906
2016-09-23;21.896968841552734
2016-09-26;21.727272033691406
2016-09-27;21.975757598876953
2016-09-28;22.133333206176758
2016-09-29;21.5696964263916
2016-09-30;21.527271270751953
2016-10-03;22.030302047729492
2016-10-04;22.224241256713867
2016-10-05;22.660606384277344
2016-10-06;22.84848403930664
2016-10-07;23.060606002807617
2016-10-10;23.09090805053711
2016-10-11;23.012121200561523
2016-10-13;23.27272605895996
2016-10-14;23.715150833129883
2016-10-17;24.23636245727539
2016-10-18;24.573333740234375
2016-10-19;24.17333221435547
2016-10-20;24.246665954589844
2016-10-21;24.206666946411133
2016-10-24;24.0
2016-10-25;23.873332977294922
2016-10-26;24.020000457763672
2016-10-27;24.53333282470703
2016-10-28;24.739999771118164
2016-10-31;25.600000381469727
2016-11-01;24.833332061767578
2016-11-03;24.299999237060547
2016-11-04;24.5
2016-11-07;25.3799991607666
2016-11-08;25.440000534057617
2016-11-09;24.626665115356445
2016-11-10;23.399999618530273
2016-11-11;23.100000381469727
2016-11-14;22.959999084472656
2016-11-16;24.093332290649414
2016-11-17;23.373332977294922
2016-11-18;23.593332290649414
2016-11-21;23.786666870117188
2016-11-22;23.866666793823242
2016-11-23;23.646665573120117
2016-11-24;23.399999618530273
2016-11-25;23.239999771118164
2016-11-28;23.733333587646484
2016-11-29;23.15999984741211
2016-11-30;23.613332748413086
2016-12-01;22.53333282470703
2016-12-02;22.626665115356445
2016-12-05;22.54666519165039
2016-12-06;22.84666633605957
2016-12-07;22.66666603088379
2016-12-08;22.53333282470703
2016-12-09;22.600000381469727
2016-12-12;21.66666603088379
2016-12-13;21.766666412353516
2016-12-14;21.719999313354492
2016-12-15;21.633333206176758
2016-12-16;21.246665954589844
2016-12-19;20.67333221435547
2016-12-20;21.200000762939453
2016-12-21;21.19333267211914
2016-12-22;21.366666793823242
2016-12-23;21.646665573120117
2016-12-26;21.81999969482422
2016-12-27;21.806665420532227
2016-12-28;22.31999969482422
2016-12-29;22.566665649414062
2017-01-02;22.35333251953125
2017-01-03;23.299999237060547
2017-01-04;23.399999618530273
2017-01-05;23.719999313354492
2017-01-06;23.799999237060547
2017-01-09;23.913333892822266
2017-01-10;23.833332061767578
2017-01-11;23.8799991607666
2017-01-12;24.486665725708008
2017-01-13;23.986665725708008
2017-01-16;24.00666618347168
2017-01-17;24.65333366394043
2017-01-18;24.459999084472656
2017-01-19;24.3266658782959
2017-01-20;24.399999618530273
2017-01-23;25.219999313354492
2017-01-24;25.15999984741211
2017-01-26;25.5
2017-01-27;25.366666793823242
2017-01-30;24.8266658782959
2017-01-31;24.8266658782959
2017-02-01;25.079999923706055
2017-02-02;25.00666618347168
2017-02-03;25.52666664123535
2017-02-06;25.34000015258789
2017-02-07;25.833332061767578
2017-02-08;26.5
2017-02-09;26.6200008392334
2017-02-10;26.706666946411133
2017-02-13;26.579999923706055
2017-02-14;26.66666603088379
2017-02-15;27.786666870117188
2017-02-16;27.246665954589844
2017-02-17;27.233333587646484
2017-02-20;27.360000610351562
2017-02-21;27.233333587646484
2017-02-22;27.31333351135254
2017-02-23;26.899999618530273
2017-02-24;26.68666648864746
2017-03-01;26.633333206176758
2017-03-02;26.360000610351562
2017-03-03;26.84000015258789
2017-03-06;26.733333587646484
2017-03-07;26.286666870117188
2017-03-08;25.986665725708008
2017-03-09;26.066665649414062
2017-03-10;26.079999923706055
2017-03-13;26.553333282470703
2017-03-14;26.293333053588867
2017-03-15;26.54666519165039
2017-03-16;26.206666946411133
2017-03-17;25.453332901000977
2017-03-20;25.733333587646484
2017-03-21;25.18000030517578
2017-03-22;25.38666534423828
2017-03-23;25.246665954589844
2017-03-24;25.520000457763672
2017-03-27;25.706666946411133
2017-03-28;25.6200008392334
2017-03-29;26.0
2017-03-30;25.69333267211914
2017-03-31;25.266666412353516
2017-04-03;25.68000030517578
2017-04-04;25.81333351135254
2017-04-05;25.34000015258789
2017-04-06;25.139999389648438
2017-04-07;25.333332061767578
2017-04-10;25.286666870117188
2017-04-11;25.239999771118164
2017-04-12;25.206666946411133
2017-04-13;24.746665954589844
2017-04-17;25.85333251953125
2017-04-18;25.760000228881836
2017-04-19;25.53333282470703
2017-04-20;25.15999984741211
2017-04-24;25.646665573120117
2017-04-25;25.81333351135254
2017-04-26;25.860000610351562
2017-04-27;26.00666618347168
2017-04-28;26.17333221435547
2017-05-02;26.700000762939453
2017-05-03;26.260000228881836
2017-05-04;25.399999618530273
2017-05-05;25.799999237060547
2017-05-08;25.860000610351562
2017-05-09;25.926666259765625
2017-05-10;26.053333282470703
2017-05-11;26.5
2017-05-12;26.753332138061523
2017-05-15;26.866666793823242
2017-05-16;26.833332061767578
2017-05-17;26.286666870117188
2017-05-18;23.1200008392334
2017-05-19;23.719999313354492
2017-05-22;23.253332138061523
2017-05-23;23.6200008392334
2017-05-24;23.81333351135254
2017-05-25;23.366666793823242
2017-05-26;24.0
2017-05-29;24.0
2017-05-30;23.953332901000977
2017-05-31;23.700000762939453
2017-06-01;23.420000076293945
2017-06-02;23.65333366394043
2017-06-05;23.626665115356445
2017-06-06;24.00666618347168
2017-06-07;24.399999618530273
2017-06-08;24.146665573120117
2017-06-09;23.766666412353516
2017-06-12;23.766666412353516
2017-06-13;24.059999465942383
2017-06-14;24.273332595825195
2017-06-15;24.273332595825195
2017-06-16;24.100000381469727
2017-06-19;24.226665496826172
2017-06-20;23.69333267211914
2017-06-21;23.719999313354492
2017-06-22;23.739999771118164
2017-06-23;23.65999984741211
2017-06-26;24.3266658782959
2017-06-27;24.106666564941406
2017-06-28;24.100000381469727
2017-06-29;24.34000015258789
2017-06-30;24.5
2017-07-03;24.719999313354492
2017-07-04;24.6200008392334
2017-07-05;24.68666648864746
2017-07-06;24.34000015258789
2017-07-07;24.106666564941406
2017-07-10;24.299999237060547
2017-07-11;24.66666603088379
2017-07-12;24.933332443237305
2017-07-13;25.0
2017-07-14;25.053333282470703
2017-07-17;24.81333351135254
2017-07-18;24.84000015258789
2017-07-19;24.479999542236328
2017-07-20;24.50666618347168
2017-07-21;24.51333236694336
2017-07-24;24.66666603088379
2017-07-25;24.726665496826172
2017-07-26;24.613332748413086
2017-07-27;24.639999389648438
2017-07-28;24.733333587646484
2017-07-31;24.8799991607666
2017-08-01;25.66666603088379
2017-08-02;25.933332443237305
2017-08-03;25.873332977294922
2017-08-04;25.806665420532227
2017-08-07;26.213333129882812
2017-08-08;26.53333282470703
2017-08-09;26.366666793823242
2017-08-10;26.03333282470703
2017-08-11;26.16666603088379
2017-08-14;26.639999389648438
2017-08-15;26.486665725708008
2017-08-16;26.540000915527344
2017-08-17;26.3266658782959
2017-08-18;26.579999923706055
2017-08-21;26.38666534423828
2017-08-22;26.946666717529297
2017-08-23;27.239999771118164
2017-08-24;27.466665267944336
2017-08-25;27.38666534423828
2017-08-28;27.146665573120117
2017-08-29;27.393333435058594
2017-08-30;27.246665954589844
2017-08-31;26.899999618530273
2017-09-01;27.453332901000977
2017-09-04;27.31333351135254
2017-09-05;27.3266658782959
2017-09-06;28.059999465942383
2017-09-07;28.059999465942383
2017-09-08;28.02666664123535
2017-09-11;28.5
2017-09-12;28.420000076293945
2017-09-13;28.6200008392334
2017-09-14;28.553333282470703
2017-09-15;29.086666107177734
2017-09-18;29.293333053588867
2017-09-19;29.18666648864746
2017-09-20;28.8799991607666
2017-09-21;28.920000076293945
2017-09-22;29.020000457763672
2017-09-25;28.733333587646484
2017-09-26;28.786666870117188
2017-09-27;28.806665420532227
2017-09-28;28.65333366394043
2017-09-29;28.899999618530273
2017-10-02;28.940000534057617
2017-10-03;29.933332443237305
2017-10-04;29.66666603088379
2017-10-05;30.139999389648438
2017-10-06;29.786666870117188
2017-10-09;29.433332443237305
2017-10-10;30.073333740234375
2017-10-11;30.0
2017-10-12;30.0
2017-10-13;29.753332138061523
2017-10-16;29.600000381469727
2017-10-17;29.553333282470703
2017-10-18;29.606666564941406
2017-10-19;29.393333435058594
2017-10-20;29.333332061767578
2017-10-23;29.059999465942383
2017-10-24;29.273332595825195
2017-10-25;29.47333335876465
2017-10-26;29.293333053588867
2017-10-27;29.113332748413086
2017-10-30;28.739999771118164
2017-10-31;28.03333282470703
2017-11-01;27.553333282470703
2017-11-02;27.553333282470703
2017-11-03;27.940000534057617
2017-11-06;27.940000534057617
2017-11-07;27.399999618530273
2017-11-08;28.399999618530273
2017-11-09;27.633333206176758
2017-11-10;27.67333221435547
2017-11-13;27.81333351135254
2017-11-14;27.280000686645508
2017-11-15;27.280000686645508
2017-11-16;27.966665267944336
2017-11-17;28.35333251953125
2017-11-20;28.35333251953125
2017-11-21;28.920000076293945
2017-11-22;28.639999389648438
2017-11-23;28.553333282470703
2017-11-24;28.286666870117188
2017-11-27;28.459999084472656
2017-11-28;28.50666618347168
2017-11-29;27.920000076293945
2017-11-30;27.51333236694336
2017-12-01;27.486665725708008
2017-12-04;27.893333435058594
2017-12-05;27.726665496826172
2017-12-06;28.020000457763672
2017-12-07;27.926666259765625
2017-12-08;28.16666603088379
2017-12-11;28.239999771118164
2017-12-12;28.466665267944336
2017-12-13;27.833332061767578
2017-12-14;27.393333435058594
2017-12-15;27.393333435058594
2017-12-18;27.38666534423828
2017-12-19;27.233333587646484
2017-12-20;27.333332061767578
2017-12-21;28.486665725708008
2017-12-22;28.35333251953125
2017-12-25;28.35333251953125
2017-12-26;28.466665267944336
2017-12-27;28.31333351135254
2017-12-28;28.38666534423828
2017-12-29;28.38666534423828
2018-01-02;29.253332138061523
2018-01-03;29.453332901000977
2018-01-04;30.066665649414062
2018-01-05;30.15333366394043
2018-01-08;30.053333282470703
2018-01-09;29.726665496826172
2018-01-10;29.626665115356445
2018-01-11;30.246665954589844
2018-01-12;30.219999313354492
2018-01-15;30.406665802001953
2018-01-16;30.68666648864746
2018-01-17;31.19333267211914
2018-01-18;31.1200008392334
2018-01-19;31.373332977294922
2018-01-22;32.1533317565918
2018-01-23;32.03333282470703
2018-01-24;33.58000183105469
2018-01-25;33.58000183105469
2018-01-26;35.266666412353516
2018-01-29;34.459999084472656
2018-01-30;34.32666778564453
2018-01-31;34.84000015258789
2018-02-01;35.00666427612305
2018-02-02;34.56666564941406
2018-02-05;33.35333251953125
2018-02-06;34.5533332824707
2018-02-07;33.733333587646484
2018-02-08;33.56666564941406
2018-02-09;33.6533317565918
2018-02-14;35.106666564941406
2018-02-15;35.11333465576172
2018-02-16;33.88666534423828
2018-02-19;33.619998931884766
2018-02-20;34.4466667175293
2018-02-21;34.900001525878906
2018-02-22;35.09333419799805
2018-02-23;35.33333206176758
2018-02-26;35.293331146240234
2018-02-27;34.766666412353516
2018-02-28;33.586666107177734
2018-03-01;34.073333740234375
2018-03-02;34.253334045410156
2018-03-05;34.7400016784668
2018-03-06;34.61333465576172
2018-03-07;34.56666564941406
2018-03-08;34.32666778564453
2018-03-09;34.79999923706055
2018-03-12;35.19333267211914
2018-03-13;34.90666580200195
2018-03-14;34.12666702270508
2018-03-15;34.28666687011719
2018-03-16;34.14666748046875
2018-03-19;33.413333892822266
2018-03-20;33.52000045776367
2018-03-21;33.38666534423828
2018-03-22;33.279998779296875
2018-03-23;33.439998626708984
2018-03-26;33.85333251953125
2018-03-27;33.4466667175293
2018-03-28;33.753334045410156
2018-03-29;34.2066650390625
2018-04-02;34.03333282470703
2018-04-03;33.71333312988281
2018-04-04;33.93333435058594
2018-04-05;34.0
2018-04-06;34.166664123535156
2018-04-09;33.40666580200195
2018-04-10;33.573333740234375
2018-04-11;34.12666702270508
2018-04-12;34.426666259765625
2018-04-13;33.62666702270508
2018-04-16;33.133331298828125
2018-04-17;33.68000030517578
2018-04-18;34.31999969482422
2018-04-19;34.0
2018-04-20;33.926666259765625
2018-04-23;33.98666763305664
2018-04-24;33.81999969482422
2018-04-25;33.619998931884766
2018-04-26;34.400001525878906
2018-04-27;34.33333206176758
2018-04-30;34.00666427612305
2018-05-02;32.46666717529297
2018-05-03;31.8266658782959
2018-05-04;31.453332901000977
2018-05-07;31.5
2018-05-08;31.600000381469727
2018-05-09;31.700000762939453
2018-05-10;32.56666564941406
2018-05-11;32.04666519165039
2018-05-14;31.566665649414062
2018-05-15;31.446666717529297
2018-05-16;31.99333381652832
2018-05-17;30.31999969482422
2018-05-18;30.106666564941406
2018-05-21;29.69333267211914
2018-05-22;30.413333892822266
2018-05-23;29.84000015258789
2018-05-24;30.233333587646484
2018-05-25;29.966665267944336
2018-05-28;28.700000762939453
2018-05-29;28.600000381469727
2018-05-30;28.65333366394043
2018-06-01;29.213333129882812
2018-06-04;29.84666633605957
2018-06-05;28.920000076293945
2018-06-06;28.18666648864746
2018-06-07;27.366666793823242
2018-06-08;27.433332443237305
2018-06-11;26.639999389648438
2018-06-12;26.586666107177734
2018-06-13;26.3266658782959
2018-06-14;25.393333435058594
2018-06-15;25.639999389648438
2018-06-18;25.1200008392334
2018-06-19;26.253332138061523
2018-06-20;26.739999771118164
2018-06-21;26.02666664123535
2018-06-22;26.226665496826172
2018-06-25;26.280000686645508
2018-06-26;26.19333267211914
2018-06-27;25.719999313354492
2018-06-28;26.433332443237305
2018-06-29;26.893333435058594
2018-07-02;26.899999618530273
2018-07-03;27.53333282470703
2018-07-04;27.979999542236328
2018-07-05;27.799999237060547
2018-07-06;28.053333282470703
2018-07-10;28.126665115356445
2018-07-11;28.239999771118164
2018-07-12;28.773332595825195
2018-07-13;29.50666618347168
2018-07-16;29.399999618530273
2018-07-17;29.953332901000977
2018-07-18;29.573333740234375
2018-07-19;30.0
2018-07-20;30.85333251953125
2018-07-23;30.260000228881836
2018-07-24;30.239999771118164
2018-07-25;31.19333267211914
2018-07-26;30.700000762939453
2018-07-27;30.866666793823242
2018-07-30;31.31333351135254
2018-07-31;30.0
2018-08-01;30.366666793823242
2018-08-02;30.47333335876465
2018-08-03;31.200000762939453
2018-08-06;30.97333335876465
2018-08-07;30.786666870117188
2018-08-08;30.066665649414062
2018-08-09;29.906665802001953
2018-08-10;28.81999969482422
2018-08-13;29.04666519165039
2018-08-14;29.646665573120117
2018-08-15;29.446666717529297
2018-08-16;29.406665802001953
2018-08-17;28.65333366394043
2018-08-20;28.35333251953125
2018-08-21;27.986665725708008
2018-08-22;28.65333366394043
2018-08-23;27.540000915527344
2018-08-24;27.746665954589844
2018-08-27;28.66666603088379
2018-08-28;28.466665267944336
2018-08-29;28.940000534057617
2018-08-30;27.799999237060547
2018-08-31;28.18000030517578
2018-09-03;27.780000686645508
2018-09-04;27.540000915527344
2018-09-05;27.700000762939453
2018-09-06;28.399999618530273
2018-09-10;28.65999984741211
2018-09-11;27.67333221435547
2018-09-12;27.753332138061523
2018-09-13;27.600000381469727
2018-09-14;28.086666107177734
2018-09-17;28.753332138061523
2018-09-18;28.726665496826172
2018-09-19;28.926666259765625
2018-09-20;28.739999771118164
2018-09-21;29.226665496826172
2018-09-24;28.5
2018-09-25;28.566665649414062
2018-09-26;28.8799991607666
2018-09-27;29.67333221435547
2018-09-28;29.420000076293945
2018-10-01;29.079999923706055
2018-10-02;30.200000762939453
2018-10-03;31.566665649414062
2018-10-04;31.600000381469727
2018-10-05;31.49333381652832
2018-10-08;33.36666488647461
2018-10-09;33.19333267211914
2018-10-10;32.04666519165039
2018-10-11;31.66666603088379
2018-10-15;32.03333282470703
2018-10-16;33.313331604003906
2018-10-17;32.96666717529297
2018-10-18;31.986665725708008
2018-10-19;31.953332901000977
2018-10-22;32.41999816894531
2018-10-23;32.53333282470703
2018-10-24;31.68666648864746
2018-10-25;32.0533332824707
2018-10-26;32.6533317565918
2018-10-29;32.0533332824707
2018-10-30;32.99333190917969
2018-10-31;32.83333206176758
2018-11-01;33.293331146240234
2018-11-05;33.6533317565918
2018-11-06;33.86666488647461
2018-11-07;33.900001525878906
2018-11-08;33.43333435058594
2018-11-09;33.85333251953125
2018-11-12;33.9466667175293
2018-11-13;33.81999969482422
2018-11-14;34.11333465576172
2018-11-16;35.166664123535156
2018-11-19;35.14666748046875
2018-11-21;34.689998626708984
2018-11-22;34.61000061035156
2018-11-23;34.56999969482422
2018-11-26;34.0
2018-11-27;35.150001525878906
2018-11-28;36.029998779296875
2018-11-29;36.349998474121094
2018-11-30;36.02000045776367
2018-12-03;35.54999923706055
2018-12-04;35.5099983215332
2018-12-05;35.529998779296875
2018-12-06;35.849998474121094
2018-12-07;35.560001373291016
2018-12-10;34.61000061035156
2018-12-11;34.91999816894531
2018-12-12;35.15999984741211
2018-12-13;35.779998779296875
2018-12-14;35.52000045776367
2018-12-17;34.56999969482422
2018-12-18;35.119998931884766
2018-12-19;34.650001525878906
2018-12-20;34.63999938964844
2018-12-21;34.47999954223633
2018-12-26;33.72999954223633
2018-12-27;34.29999923706055
2018-12-28;35.5
2019-01-02;37.0
2019-01-03;37.61000061035156
2019-01-04;36.97999954223633
2019-01-07;37.04999923706055
2019-01-08;37.52000045776367
2019-01-09;38.09000015258789
2019-01-10;37.83000183105469
2019-01-11;37.599998474121094
2019-01-14;37.880001068115234
2019-01-15;37.290000915527344
2019-01-16;37.18000030517578
2019-01-17;37.18000030517578
2019-01-18;37.65999984741211
2019-01-21;37.349998474121094
